timestamp,block_number,from,to,input,hash,value,gas,gas_price,gas_used,nonce,confirmations,is_error,tx_receipt_status,transaction_index,cumulative_gas_used,block_hash2021-04-24 13:53:59,12304673,0xfee85cc9d00f373a159fab2215308c2ae4ae1428,0xcd4ec7b66fbc029c116ba9ffb3e59351c20b5b06,0x9cec63920000000000000000000000000f75caa45db7f2bb4a42a95df96518d7ee7f852d4d1434202635bda708fc9ecc70e1c173adb2f6eabae1e68cb9033cefda268521000000000000000000000000d07dc4262bcdbf85190c01c996b4c06a461d2430000000000000000000000000000000000000000000000000000000000007d2c2000000000000000000000000000000000000000000000000000000000000000200000000000000000000000000000000000000000000000000000000000000000000000000000000000000000000000000000000000000000000000000000000000000000000000000000000000000000000000000000000000000000000000000000000000000000000000000000000000000000000000000000000000000140000000000000000000000000000000000000000000000000c7d713b49da000000000000000000000000000000000000000000000000000000000000000000fa000000000000000000000000000000000000000000000000000000000000001b0e739609a665ddd026111acedcb9498f95fa321618664b56dbc2d0ebe1b4190e3d06cce42757c1b1d02a43ccd4a93813953ef7990a9be76e3a2bf283abaa46c800000000000000000000000000000000000000000000000000000000000000fa000000000000000000000000000000000000000000000000000000000000001bc77094baf03c646b34269bc8970c65ce85b579962eb3bb045dad44b02091f67f75085ee41f0b50bfb519ebbb128a2e978a95fb9c60818dd0e88ceaca78a0a72900000000000000000000000000000000000000000000000000000000000000010000000000000000000000000000000000000000000000000000000000000000,0xa0296b5cea402ea3db668fadc9e95f422a456b32b15e8a98643dc833fb71045a,0.046125,249739,53000000000,249739,15,95,False,True,85,12563333,0xa893b6370180e9e857c213a858d93a85fc5a5e5f3ea72d70230d214f53d0baa9
2021-04-24 13:54:10,12304675,0xd6395c768b5008ef8779b6525d7d903603e15b5c,0xcd4ec7b66fbc029c116ba9ffb3e59351c20b5b06,0x9cec6392000000000000000000000000b1fa25350cd089a251dcfa082612aa5bbee0ac3f4bde11f1ef8d7336e8384ea0be38aebd851c90a900c172e94e96ab2cdca0b7c3000000000000000000000000d07dc4262bcdbf85190c01c996b4c06a461d243000000000000000000000000000000000000000000000000000000000000793c6000000000000000000000000000000000000000000000000000000000000000200000000000000000000000000000000000000000000000000000000000000000000000000000000000000000000000000000000000000000000000000000000000000000000000000000000000000000000000000000000000000000000000000000000000000000000000000000000000000000000000000000000000001a40000000000000000000000000000000000000000000000000ac875621e7a800000000000000000000000000000000000000000000000000000000000000000fa000000000000000000000000000000000000000000000000000000000000001c7171c2c44b8fa380fd46c4c8e8199d17f75c1daad4e6e3daac81c48f6f067d94490fd603af7083601d7439f6a54373688e2471147076661cc798a410fe679bfc00000000000000000000000000000000000000000000000000000000000000fa000000000000000000000000000000000000000000000000000000000000001bb21079b1ed7969552df2d3636ad5e671a9459fd9cd3a2d424d1dc19dfe17a4133f24f768df931a047cb0d207ca2ad22fd7feffd1adc644378447f01a218da47600000000000000000000000000000000000000000000000000000000000000010000000000000000000000000000000000000000000000000000000000000000,0xca673379719b005f1229c68f2506fa3692414227692762deb13ee6c56fc14b24,0.00189625,249751,53000000000,249751,3,93,False,True,73,5769993,0xc0a2f385eeb37803a691948dcb3d2897165699d144d1f9fe825e61ac731c2ca5
2021-04-24 13:54:10,12304675,0x36ed2d75a82e180e0871456b15c239b73b4ee9f4,0xcd4ec7b66fbc029c116ba9ffb3e59351c20b5b06,0x9cec639200000000000000000000000086ec43fd8aa11f752dd7b757dd92bedaef5eb69cc76ac1e141bae5c07b9ae265488d2eb57f1bffbfe31df844a94f8e360fa9a299000000000000000000000000d07dc4262bcdbf85190c01c996b4c06a461d2430000000000000000000000000000000000000000000000000000000000005f9dd00000000000000000000000000000000000000000000000000000000000000020000000000000000000000000000000000000000000000000000000000000000000000000000000000000000000000000000000000000000000000000000000000000000000000000000000000000000000000000000000000000000000000000000000000000000000000000000000000000000000000000000000000000007000000000000000000000000000000000000000000000000003e2c284391c00000000000000000000000000000000000000000000000000000000000000000fa000000000000000000000000000000000000000000000000000000000000001c056fa420a9ecf70f0fb2972c2b0a1bc77ae7b537957e57119a227187bf1230ad16b7d72bc2c8feea56a6e632a0c7f86d2111ea446a6fece3780163012691dd8000000000000000000000000000000000000000000000000000000000000000fa000000000000000000000000000000000000000000000000000000000000001b1025ba045097db5bc30908f2a5b9992fad93a05add60a7d3e817b67c67bd9d87106b5dba97a65e9db36825b0d7b9c94e211d8384d749d7471019db9a2fab5cb900000000000000000000000000000000000000000000000000000000000000020000000000000000000000000000000000000000000000000000000000000000,0xc464448801c57aafbf5b422f8d01f2e51846f380901a2b7f8f1018bd515f9852,0.005125,266839,53000000000,266839,2519,93,False,True,103,8921681,0xc0a2f385eeb37803a691948dcb3d2897165699d144d1f9fe825e61ac731c2ca5
2021-04-24 13:54:23,12304677,0xf35fdc03030ac54840c4c2c4ac38dd873795cec2,0xcd4ec7b66fbc029c116ba9ffb3e59351c20b5b06,0x9cec63920000000000000000000000008d003a32c0968bc252039dd3a9b56676fdc8a764e714b57765155ff8850b49e9cd0a877b5c6ffc07ce172e8ccce5cee4fd34da38000000000000000000000000d07dc4262bcdbf85190c01c996b4c06a461d2430000000000000000000000000000000000000000000000000000000000005f08000000000000000000000000000000000000000000000000000000000000000020000000000000000000000000000000000000000000000000000000000000000000000000000000000000000000000000000000000000000000000000000000000000000000000000000000000000000000000000000000000000000000000000000000000000000000000000000000000000000000000000000000000000028000000000000000000000000000000000000000000000000058d15e17628000000000000000000000000000000000000000000000000000000000000000000fa000000000000000000000000000000000000000000000000000000000000001b79734a0aad9ee49d49001bdae07deae8c610922197b831388482d5c09651c1d13823141ee035ce796e2a0f2d9036c7d5942a1cf02486ef2d325bef8be1681ac900000000000000000000000000000000000000000000000000000000000000fa000000000000000000000000000000000000000000000000000000000000001b0de03d323da6128998b1a304f07bfcd211a46061700a4e7847db5867e3868c2f74ad089dc536a20ef7bbe312fd5129d8e09bf9acb24bff745a96a473f63b665a00000000000000000000000000000000000000000000000000000000000000010000000000000000000000000000000000000000000000000000000000000000,0xf3d3804a5e4bb8e2d675d52ec86d8d8ed92609df52b7b1f8ca288beb748872d6,0.01025,249715,52000000000,249715,207,91,False,True,113,9614585,0x0c0f0434e20553a1a3faf06c0852408de79a9381fa45194887a9f4ec873ef828
2021-04-24 13:58:26,12304695,0xe9d2dca3ce579e181255edd661f95a6fcaccd31d,0xcd4ec7b66fbc029c116ba9ffb3e59351c20b5b06,0x9cec6392000000000000000000000000d8e0ba7250556cffc5916ff2426af8a771c2ed458c961264df307230ea3d4d98c03efffd3be65d967d24df4ea815ce9d50090f53000000000000000000000000d07dc4262bcdbf85190c01c996b4c06a461d2430000000000000000000000000000000000000000000000000000000000003ecae000000000000000000000000000000000000000000000000000000000000000200000000000000000000000000000000000000000000000000000000000000000000000000000000000000000000000000000000000000000000000000000000000000000000000000000000000000000000000000000000000000000000000000000000000000000000000000000000000000000000000000000000000000090000000000000000000000000000000000000000000000000c7d713b49da000000000000000000000000000000000000000000000000000000000000000000fa000000000000000000000000000000000000000000000000000000000000001b5b243fca63d9393294730b4868515b3ba29e7aa8272a7a53b1efd6fc942d923c09bdc5aaa31564bda83bb3d089f23c002d0c97943b4b8c0421fb6a36db7603f900000000000000000000000000000000000000000000000000000000000000fa000000000000000000000000000000000000000000000000000000000000001c8c3af57ed552edac834edf7f46d64127b69b823f52bf3bbd846caabf58c087cf5447a11aba8f2f3a8f72ef2209deb7c9b8a633a0b5f19dd651e0c66197b7db5600000000000000000000000000000000000000000000000000000000000000010000000000000000000000000000000000000000000000000000000000000000,0xc8f0e58b39bbfb2ed11b90902def83abe7243025f9f038da1ca6d24b993e6b5e,0.1025,266827,61000000000,266827,0,73,False,True,207,13415321,0xb72b4836c4032d2d3e20c758f1adcbd411055410ede498ec3b7b65a9cae0d094
2021-04-24 14:00:07,12304703,0x4d7d960252eedd37b7d73c6915da37ba8c99bb69,0xcd4ec7b66fbc029c116ba9ffb3e59351c20b5b06,0x9cec63920000000000000000000000008431f7c99d42b8b6e152b43fdafed0aea60e85820f1a6b80efb1f20e8d47ad87cd0f35916b7a485e137e65fccdedca759056ddd9000000000000000000000000d07dc4262bcdbf85190c01c996b4c06a461d2430000000000000000000000000000000000000000000000000000000000007d6df0000000000000000000000000000000000000000000000000000000000000002000000000000000000000000000000000000000000000000000000000000000000000000000000000000000000000000000000000000000000000000000000000000000000000000000000000000000000000000000000000000000000000000000000000000000000000000000000000000000000000000000000000000000a0000000000000000000000000000000000000000000000000429d069189e000000000000000000000000000000000000000000000000000000000000000000fa000000000000000000000000000000000000000000000000000000000000001bf465d4ec36cc1663b0c73cefaf2d5117c421fccb4979801439f1e6ab01b7244752d6d946951501316a6d833cb848ab5ae4cd4d490b78ad99d268bfb0a9a65ac200000000000000000000000000000000000000000000000000000000000000fa000000000000000000000000000000000000000000000000000000000000001cedd8bc7b0c9820a055d1d23c3791ff3f1fd6724b46b5126542cc80f2c359226659580026ab00f6621fb12b444dd3b4e1b6388d120ece6c525e2ab63e85757db600000000000000000000000000000000000000000000000000000000000000010000000000000000000000000000000000000000000000000000000000000000,0x7ef5957ed4ee5105a75b3a3ef178f026ccc268d8dcfad98580a17d9187e7c73a,0.03075,249715,52000000000,249715,21,65,False,True,107,11081765,0xb132bef0d9ed4dfd75a57c8cc092369e4615f42f3df80621cae7b0d188445c3d
2021-04-24 14:00:55,12304709,0x194618ff8547beb766d60071ef200f71df1f47e2,0xcd4ec7b66fbc029c116ba9ffb3e59351c20b5b06,0x9cec6392000000000000000000000000113f2cf739d77a1453072c11d47b6eedbecbd8a63fe9819cc2ae5d6960c0e95344a459f9dbf195d82dc2d5cb73c4f6f08a6d642d000000000000000000000000d07dc4262bcdbf85190c01c996b4c06a461d24300000000000000000000000000000000000000000000000000000000000039bbd0000000000000000000000000000000000000000000000000000000000000002000000000000000000000000000000000000000000000000000000000000000000000000000000000000000000000000000000000000000000000000000000000000000000000000000000000000000000000000000000000000000000000000000000000000000000000000000000000000000000000000000000000000000f0000000000000000000000000000000000000000000000000214e8348c4f000000000000000000000000000000000000000000000000000000000000000000fa000000000000000000000000000000000000000000000000000000000000001c86ed0247c553c54ff452aa1ba0fda83496b4aa3dc16fa759f022fc2794603e0e17ef52f35f0a16e76a82db2906ee62ff6bc01732a429cb3312fba24418f4c51f00000000000000000000000000000000000000000000000000000000000000fa000000000000000000000000000000000000000000000000000000000000001bf95b04dbe6e6329c508c6b0949905ed30ffa5cfe01bcd5b9549f13dab76e7b9306aeb78ee4ae81adc6e5f17c1e1974430dd32c7524b6d3f414d26baa6ef22d8600000000000000000000000000000000000000000000000000000000000000010000000000000000000000000000000000000000000000000000000000000000,0xa23fce4a5ae712143141c3aaefc6dae9f9f9cb4b8c04086950fb8abec5303293,0.01025,249739,52000000000,249739,4,59,False,True,117,11331699,0xa2dfea8e95198d14eb715c2b3ae387931e440eefbb3f891f61a733fb65fbc856
2021-04-24 14:01:36,12304713,0x724b1c8a6bf6bf0681b3f8c312a3e61a9364de06,0xcd4ec7b66fbc029c116ba9ffb3e59351c20b5b06,0x9cec6392000000000000000000000000979f8cdc881fed1fc76f809eea3859b01264861c77f617dda3438ebdecc9211f7eee6b5fb88edb74c858760b4336f97412aece2d00000000000000000000000031385d3520bced94f77aae104b406994d8f2168c0000000000000000000000000000000000000000000000000000000000000398000000000000000000000000000000000000000000000000000000000000000300000000000000000000000000000000000000000000000000000000000000000000000000000000000000000000000000000000000000000000000000000000000000000000000000000000000000000000000000000000000000000000000000000000000000000000000000000000000000000000000000000000000000010000000000000000000000000000000000000000000000000214e8348c4f000000000000000000000000000000000000000000000000000000000000000000fa000000000000000000000000000000000000000000000000000000000000001b6b9439c1f31a5f951fa84c67b76aeb6196429571d2562cfe63a6bc211d814cad39b25065f28a23b56c55469deffa0087901f555d946872f64e773649046a99fe00000000000000000000000000000000000000000000000000000000000000fa000000000000000000000000000000000000000000000000000000000000001b22ce10ccd01a95a364fecc6e5b579a418580a3ed1365c1a7c29d245f03704a02448ef827da8e187700c90e52df081eeee3f27f8d393fad349aeb3550ea0f4e8f00000000000000000000000000000000000000000000000000000000000000010000000000000000000000000000000000000000000000000000000000000000,0xfc627f82f33792e94da77afb211be5de800db227bc8cfd7d2e13fcb7805e627d,0.15375,319474,52000000000,274474,20,55,False,True,43,9659843,0x05a8239b7c05a462af67f958cb9583b2522c53749b07b0979d7ec5a3ba578845
2021-04-24 14:02:00,12304716,0x9854990358e62ff3f0a62d14e2e1df5e729c95f9,0xcd4ec7b66fbc029c116ba9ffb3e59351c20b5b06,0x9cec6392000000000000000000000000a122355892040d2cf7bb3723fc97335377aedb1f03992bfded6bcf9176ff67ef54a00869125eede8c99b23d2a0553b13e4677cad0000000000000000000000007d34c2df06ed7102fcb6588862ba01e595d4e80a00000000000000000000000000000000000000000000000000000000000000090000000000000000000000000000000000000000000000000000000000000002000000000000000000000000000000000000000000000000000000000000000000000000000000000000000000000000000000000000000000000000000000000000000000000000000000000000000000000000000000000000000000000000000000000000000000000000000000000000000000000000000000000000001300000000000000000000000000000000000000000000000013c69df334ee800000000000000000000000000000000000000000000000000000000000000000fa000000000000000000000000000000000000000000000000000000000000001bac6e02c40566e444b2756a1a284a4cbb4b2199c313391c72686f1d696f5a128b4f1161743b222c987c6adb9c1d03bc47da7125b597c19f3e926c8abab1084aab00000000000000000000000000000000000000000000000000000000000000fa000000000000000000000000000000000000000000000000000000000000001b2479e2982ea56a0a28ecc100b7719ab58ffb9d231c16be4a8582e394004a1e5c263cdaefd1ab496314843197f437214b0707643bce64590c84c5638c049f87a200000000000000000000000000000000000000000000000000000000000000020000000000000000000000000000000000000000000000000000000000000000,0xa2ed0eee0f95aba32dadd43d30d3840e20d752c0c516f9f102199b54089dff14,0.15375,266803,120000000000,266803,184,52,False,True,59,3460950,0xfa2297452a079fd437a1baa5877dd3d29832535619ccda34ccae8bed6242db6e
2021-04-24 14:03:50,12304720,0xe6f3f846390f36efc840b9a3e6148c340d9d39e6,0xcd4ec7b66fbc029c116ba9ffb3e59351c20b5b06,0x9cec6392000000000000000000000000abe67ca4eefbefd5217e35222896b9fe8c5dad4395cfb9248c7f59da469038877ba2d01595e0b240c5f8de08ed14d65e04b0e44b000000000000000000000000d07dc4262bcdbf85190c01c996b4c06a461d2430000000000000000000000000000000000000000000000000000000000006ce700000000000000000000000000000000000000000000000000000000000000002000000000000000000000000000000000000000000000000000000000000000000000000000000000000000000000000000000000000000000000000000000000000000000000000000000000000000000000000000000000000000000000000000000000000000000000000000000000000000000000000000000000000000a00000000000000000000000000000000000000000000000022b1c8c1227a000000000000000000000000000000000000000000000000000000000000000000fa000000000000000000000000000000000000000000000000000000000000001bd5bc95dbc91c59717a7f1e5fdcd81403f95b71c2d014082945842dfe89dbd9bc15d014df3202e9fcc53b62d51dca96bae5afe1b5b6bc45714ad2879c9d5c67e500000000000000000000000000000000000000000000000000000000000000fa000000000000000000000000000000000000000000000000000000000000001bb84aea8b703d5475d982a129959dcd3e46f60febe143929727aaa12054e6ea0b1da51bc0ad2119cda724d16af5ad78c6fdcc31e4f56ad2490833c1f046ec2c3600000000000000000000000000000000000000000000000000000000000000020000000000000000000000000000000000000000000000000000000000000000,0xe3df32e8918b27e625622d46c626d9b26ac12ea0c0a397d7af577a4bf3fd5857,0.5125,249739,67000000000,234739,371,48,False,True,264,11075445,0x58263cd86d61fa9b177852fd831ebc574316246c276ffc71d37731e0c04e5eb6
2021-04-24 14:05:18,12304727,0xa84ec76b0d783e68a844565f450c163097a182ea,0xcd4ec7b66fbc029c116ba9ffb3e59351c20b5b06,0x9cec6392000000000000000000000000a922df1e904415f1bff2c6b813c78c25a0c782bc3f66de0566c95b7056137a21cb86c364c0edf0098d059ba660b8186c933d6546000000000000000000000000d07dc4262bcdbf85190c01c996b4c06a461d2430000000000000000000000000000000000000000000000000000000000007b8c1000000000000000000000000000000000000000000000000000000000000000200000000000000000000000000000000000000000000000000000000000000000000000000000000000000000000000000000000000000000000000000000000000000000000000000000000000000000000000000000000000000000000000000000000000000000000000000000000000000000000000000000000000001a400000000000000000000000000000000000000000000000246ddf9797668000000000000000000000000000000000000000000000000000000000000000000fa000000000000000000000000000000000000000000000000000000000000001c03cad4c22357bce7a2db666016c00aebc8b369e643589ddc33ffea3447393a243a4a45b86a31fd4a8800317088228e16f8022d8caa56048082a188bb45fd844900000000000000000000000000000000000000000000000000000000000000fa000000000000000000000000000000000000000000000000000000000000001bd1f4a05400bcc84735e0365640d4312ae95991f3537e61563e07ed4d03e5ebf040ac1779d1f4fc8615e1303a02b2e04739053e48fd60ddd17ccb4c8667dbf14a000000000000000000000000000000000000000000000000000000000000001c0000000000000000000000000000000000000000000000000000000000000000,0x18428f6d1ae38bab968d6e811face9d8f8fe2138135aebd99cd8ad43fa1132b0,2.87,266839,52000000000,266839,0,41,False,True,194,12830192,0x0d95963f62d7ac881df5411811bcd6ad59c1c50dc2c9cca9bd640b76d568087c
2021-04-24 14:05:50,12304731,0x001511d1cf99d0287f65945498d34e526cc40849,0xcd4ec7b66fbc029c116ba9ffb3e59351c20b5b06,0x9cec6392000000000000000000000000113f2cf739d77a1453072c11d47b6eedbecbd8a63fe9819cc2ae5d6960c0e95344a459f9dbf195d82dc2d5cb73c4f6f08a6d642d000000000000000000000000d07dc4262bcdbf85190c01c996b4c06a461d24300000000000000000000000000000000000000000000000000000000000039bbd0000000000000000000000000000000000000000000000000000000000000002000000000000000000000000000000000000000000000000000000000000000000000000000000000000000000000000000000000000000000000000000000000000000000000000000000000000000000000000000000000000000000000000000000000000000000000000000000000000000000000000000000000000000f0000000000000000000000000000000000000000000000000214e8348c4f000000000000000000000000000000000000000000000000000000000000000000fa000000000000000000000000000000000000000000000000000000000000001c86ed0247c553c54ff452aa1ba0fda83496b4aa3dc16fa759f022fc2794603e0e17ef52f35f0a16e76a82db2906ee62ff6bc01732a429cb3312fba24418f4c51f00000000000000000000000000000000000000000000000000000000000000fa000000000000000000000000000000000000000000000000000000000000001bf95b04dbe6e6329c508c6b0949905ed30ffa5cfe01bcd5b9549f13dab76e7b9306aeb78ee4ae81adc6e5f17c1e1974430dd32c7524b6d3f414d26baa6ef22d8600000000000000000000000000000000000000000000000000000000000000010000000000000000000000000000000000000000000000000000000000000000,0x6a117b127936b6c024581e840e9f15fde7de7c01e1c7a964cfa25c5f39e3485b,0.01025,249739,51000000000,249739,7,37,False,True,113,10741611,0x6eadc926675fe382ba91aef566b1c044947e773271a42810982b9b02fcc0b66a
2021-04-24 14:05:53,12304732,0x3b623b731016522e6c71d373b3bbd0f1f36cab02,0xcd4ec7b66fbc029c116ba9ffb3e59351c20b5b06,0x9cec6392000000000000000000000000a465ee4b2fb82fd27b06d1356d55ace9b747d67fe278bb174c030fe19875c032ea59fbe76e06ba721924757f78aada52706acd98000000000000000000000000d07dc4262bcdbf85190c01c996b4c06a461d243000000000000000000000000000000000000000000000000000000000000632860000000000000000000000000000000000000000000000000000000000000002000000000000000000000000000000000000000000000000000000000000000000000000000000000000000000000000000000000000000000000000000000000000000000000000000000000000000000000000000000000000000000000000000000000000000000000000000000000000000000000000000000000000001900000000000000000000000000000000000000000000000014d1120d7b16000000000000000000000000000000000000000000000000000000000000000000fa000000000000000000000000000000000000000000000000000000000000001b297b123636c2525e1027f4985ed43cbe5ed89204cb318acf229956bc6cef9e9b57c2a27d784535d5ad4c5ba31410cac1f45ef75153be0e3384dbad8de82c73e300000000000000000000000000000000000000000000000000000000000000fa000000000000000000000000000000000000000000000000000000000000001c79e060522e46ebf66747fb19f35ae1f86712e1b3a06180d442b32195875c969977f11d5478be1dc4b6211b8a658434afa82614d03bdcf1533b58041247c637a000000000000000000000000000000000000000000000000000000000000000010000000000000000000000000000000000000000000000000000000000000000,0x192586cb3058a756c81f7d9131699f9259ab398967d8d6a6e90520f0409cb076,0.0615,266839,50634355246,266839,159,36,False,True,51,14705875,0x3bd625410ff57e28f34bcbea5aaef00e9dae5e79113dcd54a8d73ac2e7da33da
2021-04-24 14:07:26,12304740,0x27899282184a2c3a18b54766d6435fee75910a70,0xcd4ec7b66fbc029c116ba9ffb3e59351c20b5b06,0x9cec6392000000000000000000000000addf9f0ed23e7619959438599871dd4ad50ff709d73ffa1a1ea99c4d0bc418397978d6ead78af37e1e19dfceaffae49252454c53000000000000000000000000d07dc4262bcdbf85190c01c996b4c06a461d2430000000000000000000000000000000000000000000000000000000000006ce9a00000000000000000000000000000000000000000000000000000000000000020000000000000000000000000000000000000000000000000000000000000000000000000000000000000000000000000000000000000000000000000000000000000000000000000000000000000000000000000000000000000000000000000000000000000000000000000000000000000000000000000000000000000008000000000000000000000000000000000000000000000000048d4a431e54000000000000000000000000000000000000000000000000000000000000000000fa000000000000000000000000000000000000000000000000000000000000001bd0b29cc526a0d4d2e7cdc45c6723e0d241c9ce6117a2cb4d5ce479a27cfdaa890d4c1ce5350610ac69d3654d005fc429376ac17e79ba867a96f9e9ed0e7cd20d00000000000000000000000000000000000000000000000000000000000000fa000000000000000000000000000000000000000000000000000000000000001b37326cf29aacb6e60280eb65cb181805119e77d1b10f93c7d5ca1f8406919d2a5a5d1487c28920a21e0ba87a096bcb8b6e8fa7f2848024bd0ead7a274a1be7d700000000000000000000000000000000000000000000000000000000000000050000000000000000000000000000000000000000000000000000000000000000,0x7dff57327c37b4735d2ea3ae2b46f539ac1249faf7a45ab4fc7c6de2ba09c137,0.210125,266827,65000000000,266827,411,28,False,True,119,5091380,0x50f37bc0774e69fb0ab3b82c05b41fe787e0b409fe878b413a1fc4d056bf1ed9
2021-04-24 14:09:42,12304748,0x14725b66243d5a0060e010a85b5bace2a8533911,0xcd4ec7b66fbc029c116ba9ffb3e59351c20b5b06,0x9cec6392000000000000000000000000148b6418f88d061650b72b3ae7d1baaa064cd97f47b976e5f38fca981dbcd4b7edb6e60fd68f136a2538be66d52d7de471f5d1f4000000000000000000000000d07dc4262bcdbf85190c01c996b4c06a461d2430000000000000000000000000000000000000000000000000000000000007bad0000000000000000000000000000000000000000000000000000000000000000200000000000000000000000000000000000000000000000000000000000000000000000000000000000000000000000000000000000000000000000000000000000000000000000000000000000000000000000000000000000000000000000000000000000000000000000000000000000000000000000000000000000000f00000000000000000000000000000000000000000000000014d1120d7b160000000000000000000000000000000000000000000000000000000000000000000fa000000000000000000000000000000000000000000000000000000000000001b0441cd40efffed129bfe2f995939829af3105ea040d5dea82f705720602c317006dea33cc0fba722d0b3399cddf8ef228c7da5f9c6492fafe30b4d77681f0a2c00000000000000000000000000000000000000000000000000000000000000fa000000000000000000000000000000000000000000000000000000000000001bef79f758370a329195a776ed148e176ae9264cb8303089ed78ef0d2f8be205ed1ea5d80e96e0f34cfaa961ae6aadce9e9bcf34a52acd4da824254469f58aa6fe000000000000000000000000000000000000000000000000000000000000001d0000000000000000000000000000000000000000000000000000000000000000,0x97245eba4d766d4bf1751664be122935a49f4bce0cd81f4842c637185f2d26ba,2.9725,266851,52000000000,266851,0,20,False,True,89,11275444,0x04f25b7ea69456851c0950f6097457cf8e3cb162f96be8420c212d5941d6f6ca
2021-04-24 14:11:37,12304757,0x001511d1cf99d0287f65945498d34e526cc40849,0xcd4ec7b66fbc029c116ba9ffb3e59351c20b5b06,0x9cec63920000000000000000000000001427459072e655e828dabe53e49ad2b30438ceeee2680b14aac3fa6bccd9a3b6919d32a18888b6c71d8766febd24f245a75734b9000000000000000000000000d07dc4262bcdbf85190c01c996b4c06a461d24300000000000000000000000000000000000000000000000000000000000032930000000000000000000000000000000000000000000000000000000000000000200000000000000000000000000000000000000000000000000000000000000000000000000000000000000000000000000000000000000000000000000000000000000000000000000000000000000000000000000000000000000000000000000000000000000000000000000000000000000000000000000000000000000010000000000000000000000000000000000000000000000000058d15e1762800000000000000000000000000000000000000000000000000000000000000000fa000000000000000000000000000000000000000000000000000000000000001c317a3a83de05754b7452035519b2dc48da28b7b741895c33d81f28b9ea69c2d211d1271df60d9b67cc6b5785c3c16253e14a9ac1a2dd7860d2d9123e18393fb400000000000000000000000000000000000000000000000000000000000000fa000000000000000000000000000000000000000000000000000000000000001bb158abbc3bf6cf109deae40d6378c985f6e6c9ff1e3f9373a2f0df0f430b8cb52c2fd54361fa1e796501a9c1b894d6ddf8bb34e0ec9ac7aefb66d48e905c712700000000000000000000000000000000000000000000000000000000000000010000000000000000000000000000000000000000000000000000000000000000,0x6350dd366410ccf9937beeace56bd1f5128caa48cb0c5780c005e62475a2d857,0.025625,269339,52000000000,269339,8,11,False,True,41,2077689,0xf7e9042ef6f803f4fe6cdbe3bb1a2bfe6451a7e14da8dbfc3cc67aed8f13abfa
